"","SNP","beta.outcome","se.outcome","effect_allele.outcome","other_allele.outcome","eaf.outcome","pval.outcome","chrpos.outcome","other_allele","effect_allele","eaf","beta","se","chrpos","swapt","Wald","Waldvar","lab"
"1","rs116864947",-0.059139,0.043601,"T","C",0.982864,0.1749824,"7:11705786","T","C",0.0164,-0.4121,0.0805,"7:11705786",-1,0.143506430478039,0.0111940610473954,"rs116864947 "
"2","rs12136530",-0.00094,0.0127181,"A","G",0.808324,0.9410819,"1:19761429","A","G",0.1987,0.1265,0.0269,"1:19761429",-1,-0.00743083003952569,0.0101079577940602,"rs12136530 "
"3","rs144653651",-0.024838,0.0214171,"G","A",0.938814,0.2461588,"18:12909504","A","G",0.9283,-0.2584,0.0495,"18:12909504",1,0.0961222910216718,0.00686967688169756,"rs144653651 "
"4","rs16968074",0.00482,0.010488,"A","G",0.717276,0.6458233,"19:33884341","A","G",0.3025,-0.1049,0.0213,"19:33884341",-1,-0.0459485224022879,0.00999618720811777,"rs16968074 "
"5","rs1805313",0.003035,0.0101361,"A","G",0.647584,0.764615,"9:116151191","A","G",0.3051,0.1764,0.0233,"9:116151191",-1,0.0172052154195011,0.00330175323071405,"rs1805313 "
"6","rs2662776",0.008724,0.0092019,"A","G",0.495765,0.3430943,"1:163165029","A","G",0.5293,0.0894,0.019,"1:163165029",-1,0.0975838926174497,0.010594488187469,"rs2662776 "
"7","rs550057",-0.062774,0.0106825,"C","T",0.748185,4.19e-09,"9:136146597","T","C",0.7461,0.1035,0.0222,"9:136146597",1,-0.606512077294686,0.0106528326215314,"rs550057 "
"8","rs60580184",-9.3e-05,0.0187752,"G","A",0.934869,0.9960479,"7:138850967","A","G",0.9742,-0.3215,0.0611,"7:138850967",1,0.000289269051321928,0.00341041468272991,"rs60580184 "
"9","rs6462018",-0.022074,0.0101491,"A","G",0.464832,0.0296322,"7:27519118","A","G",0.5087,0.0918,0.02,"7:27519118",-1,-0.240457516339869,0.012222771727161,"rs6462018 "
"10","rs76153987",0.003327,0.0240448,"C","T",0.951331,0.8899505,"3:9214817","T","C",0.9516,0.2381,0.0514,"3:9214817",1,0.0139731205375892,0.0101982005280852,"rs76153987 "
"11","rs79019069",-0.019767,0.0318888,"A","G",0.974012,0.5353413,"3:148481023","A","G",0.0257,0.3254,0.0689,"3:148481023",-1,-0.0607467732022127,0.00960375906727628,"rs79019069 "
"12","rs798338",-0.00569,0.0097298,"A","C",0.402217,0.558681,"7:77917038","A","C",0.6433,-0.0923,0.02,"7:77917038",-1,0.061646803900325,0.0111123119461833,"rs798338 "
"13","rs9863067",-0.024626,0.0167048,"C","G",0.906481,0.1404309,"3:84147443","C","G",0.0921,0.1619,0.0335,"3:84147443",-1,-0.152106238418777,0.010646058866281,"rs9863067 "
